{
  "total_return": 0.024853179562963547,
  "annual_return": 0.004921945751490853,
  "max_drawdown": -0.4835097369165327,
  "sharpe_ratio": 0.02124328723451581,
  "final_value": 512426.5897814818,
  "dca_buy_count": 73,
  "dca_sell_count": 3,
  "t_buy_count": 85,
  "t_sell_count": 85,
  "t_profit": -10511.072899999894,
  "dca_cash": 7445.070088888933,
  "t_cash": 139488.92710000023,
  "dca_value": 365492.5925925926,
  "t_value": 0.0
}