{
  "total_return": 2.4799577065999996,
  "annual_return": 0.2832604015906448,
  "max_drawdown": -0.39578531588658894,
  "sharpe_ratio": 0.47935213190316656,
  "final_value": 1739978.8532999998,
  "dca_buy_count": 70,
  "dca_sell_count": 3,
  "t_buy_count": 84,
  "t_sell_count": 83,
  "t_profit": 9767.392200000091,
  "dca_cash": 8631.381299999906,
  "t_cash": 140027.472,
  "dca_value": 1571652.0,
  "t_value": 19668.0
}