{
  "total_return": -0.12307733234074002,
  "annual_return": -0.02592530927109138,
  "max_drawdown": -0.4159782836134796,
  "sharpe_ratio": -0.11279748454611838,
  "final_value": 438461.33382963,
  "dca_buy_count": 84,
  "dca_sell_count": 3,
  "t_buy_count": 85,
  "t_sell_count": 85,
  "t_profit": -961.097099999899,
  "dca_cash": 4556.653151852086,
  "t_cash": 149038.90290000016,
  "dca_value": 284865.77777777775,
  "t_value": 0.0
}