{
  "total_return": 0.415155459051853,
  "annual_return": 0.07191618935769561,
  "max_drawdown": -0.3823941148218917,
  "sharpe_ratio": 0.3215429448695929,
  "final_value": 707577.7295259265,
  "dca_buy_count": 97,
  "dca_sell_count": 3,
  "t_buy_count": 90,
  "t_sell_count": 90,
  "t_profit": 11543.456300000107,
  "dca_cash": 49112.347300000285,
  "t_cash": 161543.45630000022,
  "dca_value": 496921.92592592596,
  "t_value": 0.0
}