{
  "total_return": 4.1931470984,
  "annual_return": 0.39022829984572405,
  "max_drawdown": -0.6178712387449059,
  "sharpe_ratio": 0.5644179352572598,
  "final_value": 2596573.5492,
  "dca_buy_count": 77,
  "dca_sell_count": 3,
  "t_buy_count": 75,
  "t_sell_count": 75,
  "t_profit": 23653.465400000074,
  "dca_cash": 776.9356518519926,
  "t_cash": 173653.46540000002,
  "dca_value": 2422143.148148148,
  "t_value": 0.0
}